{"cameraMode":{"drawMode":0,"name":"Shaded","section":"Shading Mode"},"sceneLighting":true,"audioPlay":false,"sceneViewState":{"showFog":true,"showMaterialUpdate":false,"showSkybox":false,"showFlares":true,"showImageEffects":true,"showParticleSystems":true},"in2DMode":false,"pivot":{"x":3.6544687747955324,"y":-3.9072134494781496,"z":32.2501220703125},"rotation":{"x":-0.23624995350837708,"y":0.04865484684705734,"z":-0.01184463407844305,"w":-0.9704049825668335},"size":40.61943435668945,"orthographic":false}